Model,Dataset,Accuracy,Precision,Recall,F1,ROC_AUC
LightGBM Baseline,Validation,0.8044776119402985,0.8017751479289941,0.808955223880597,0.8053491827637445,0.8837959456449098
LightGBM Optuna,Validation,0.8119402985074626,0.7824324324324324,0.8641791044776119,0.8212765957446808,0.8961439073290265
LightGBM Optuna,Test,0.7645305514157973,0.7206982543640897,0.8626865671641791,0.7853260869565217,0.8590707178393745
