Model,Dataset,Accuracy,Precision,Recall,F1,ROC_AUC
Logistic Regression Baseline,Validation,0.7992537313432836,0.822866344605475,0.7626865671641792,0.7916343919442292,0.8779505457785698
Logistic Regression Optuna,Validation,0.7962686567164179,0.8238172920065253,0.753731343283582,0.7872174590802806,0.880204945422143
Logistic Regression Optuna,Test,0.7645305514157973,0.764179104477612,0.764179104477612,0.764179104477612,0.8496179815209666
