Rank,Model,Accuracy,Precision,Recall,F1,ROC_AUC
1,LightGBM,0.7645305514157973,0.7206982543640897,0.8626865671641791,0.7853260869565217,0.8590707178393745
2,XGBoost,0.7615499254843517,0.7192982456140351,0.8567164179104477,0.782016348773842,0.8582356076759062
3,Logistic Regression,0.7645305514157973,0.764179104477612,0.764179104477612,0.764179104477612,0.8496179815209666
