segment,view_count,favorite_count,cart_count,buy_count,conversion_rate
At Risk,892815,43013,56543,18465,0.020681776179835687
Dormant,873672,34048,35539,9397,0.010755752731002023
High Value,2919319,124528,206129,71285,0.0244183660641403
Potential,604784,25104,25643,7531,0.01245237969258446
