day_type,View,Favorite,Cart,Buy,Conversion Rate
Weekday,4124976,177501,250251,82471,0.01999308602037927
Weekend,1410903,61971,81099,24207,0.017157097263242053
