Model,Dataset,Accuracy,Precision,Recall,F1,ROC_AUC
XGBoost Baseline,Validation,0.8082089552238806,0.8014598540145985,0.8194029850746268,0.8103321033210332,0.8873156605034529
XGBoost Optuna,Validation,0.808955223880597,0.7797297297297298,0.8611940298507462,0.8184397163120567,0.8953397193138783
XGBoost Optuna,Test,0.7615499254843517,0.7192982456140351,0.8567164179104477,0.782016348773842,0.8582356076759062
