Model,Best_Validation_AUC,n_estimators,learning_rate,max_depth,min_child_weight,gamma,subsample,colsample_bytree,reg_alpha,reg_lambda,scale_pos_weight
XGBoost,0.8953397193138783,525,0.016666983286066417,3,19.02882520781333,4.828160165372797,0.9233589392465844,0.7218455076693483,7.569183361880229e-08,0.023124476169969505,1.219794819444136
